{
	"class_name" : "PinholeCameraParameters",
	"extrinsic" : 
	[
		0.6930988215831716,
		-0.71910289263631988,
		-0.050050507710676359,
		0.0,
		0.047387947468854351,
		-0.023829024604504749,
		0.99859228918567522,
		0.0,
		-0.71928325849744912,
		-0.69449492970681603,
		0.017560941228092493,
		0.0,
		-0.89201306487853771,
		2.5059508530835028,
		1.1816044934508012,
		1.0
	],
	"intrinsic" : 
	{
		"height" : 2483,
		"intrinsic_matrix" : 
		[
			2150.3410775967614,
			0.0,
			0.0,
			0.0,
			2150.3410775967614,
			0.0,
			1634.0,
			1241.0,
			1.0
		],
		"width" : 3269
	},
	"version_major" : 1,
	"version_minor" : 0
}