{
	"class_name" : "PinholeCameraParameters",
	"extrinsic" : 
	[
		0.99790487540364425,
		-0.056859106634518077,
		0.030869104916761769,
		0.0,
		0.056798049484216975,
		0.99838161448063656,
		0.0028519189725994634,
		0.0,
		-0.030981304369344809,
		-0.0010926388984174365,
		0.99951936695584431,
		0.0,
		0.2165876387273496,
		-2.5263255380223213,
		11.137328759067261,
		1.0
	],
	"intrinsic" : 
	{
		"height" : 1800,
		"intrinsic_matrix" : 
		[
			1558.8457268119896,
			0.0,
			0.0,
			0.0,
			1558.8457268119896,
			0.0,
			1199.5,
			899.5,
			1.0
		],
		"width" : 2400
	},
	"version_major" : 1,
	"version_minor" : 0
}